{
    "v2 nikon corporation nikon d7100 4496 3000 perspective 4.25": {
        "projection_type": "perspective",
        "width": 4496,
        "height": 3000,
        "focal": 4.25,
        "k1": 0.0,
        "k2": 0.0
    },
    "v2 nikon corporation nikon d7100 6000 4000 perspective 2.8333": {
        "projection_type": "perspective",
        "width": 6000,
        "height": 4000,
        "focal": 2.8333333333333335,
        "k1": 0.0,
        "k2": 0.0
    },
    "v2 nikon corporation nikon d7100 4496 3000 perspective 5.0833": {
        "projection_type": "perspective",
        "width": 4496,
        "height": 3000,
        "focal": 5.083333333333333,
        "k1": 0.0,
        "k2": 0.0
    },
    "v2 nikon corporation nikon d7100 4496 3000 perspective 5.8333": {
        "projection_type": "perspective",
        "width": 4496,
        "height": 3000,
        "focal": 5.833333333333333,
        "k1": 0.0,
        "k2": 0.0
    },
    "v2 nikon corporation nikon d7100 6000 4000 perspective 3.3888": {
        "projection_type": "perspective",
        "width": 6000,
        "height": 4000,
        "focal": 3.388888888888889,
        "k1": 0.0,
        "k2": 0.0
    },
    "v2 nikon corporation nikon d7100 4496 3000 perspective 7.0833": {
        "projection_type": "perspective",
        "width": 4496,
        "height": 3000,
        "focal": 7.083333333333333,
        "k1": 0.0,
        "k2": 0.0
    },
    "v2 nikon corporation nikon d7100 6000 4000 perspective 2.3888": {
        "projection_type": "perspective",
        "width": 6000,
        "height": 4000,
        "focal": 2.388888888888889,
        "k1": 0.0,
        "k2": 0.0
    },
    "v2 nikon corporation nikon d7100 4496 3000 perspective 8.3333": {
        "projection_type": "perspective",
        "width": 4496,
        "height": 3000,
        "focal": 8.333333333333334,
        "k1": 0.0,
        "k2": 0.0
    },
    "v2 nikon corporation nikon d7100 6000 4000 perspective 1.5277": {
        "projection_type": "perspective",
        "width": 6000,
        "height": 4000,
        "focal": 1.5277777777777777,
        "k1": 0.0,
        "k2": 0.0
    },
    "v2 nikon corporation nikon d7100 6000 4000 perspective 1.0555": {
        "projection_type": "perspective",
        "width": 6000,
        "height": 4000,
        "focal": 1.0555555555555556,
        "k1": 0.0,
        "k2": 0.0
    },
    "v2 nikon corporation nikon d7100 6000 4000 perspective 1.7222": {
        "projection_type": "perspective",
        "width": 6000,
        "height": 4000,
        "focal": 1.7222222222222223,
        "k1": 0.0,
        "k2": 0.0
    }
}