{
    "wall_times": {
        "load_features": 0.3632019480000963,
        "load_matches": 0.00963075800018487,
        "compute_tracks": 1.0105577909998829
    },
    "wall_time": 1.383390497000164,
    "num_images": 50,
    "num_tracks": 33722,
    "view_graph": [
        [
            "0.jpg",
            "3.jpg",
            1
        ],
        [
            "28.jpg",
            "32.jpg",
            1
        ],
        [
            "39.jpg",
            "43.jpg",
            1
        ],
        [
            "27.jpg",
            "30.jpg",
            8
        ],
        [
            "44.jpg",
            "49.jpg",
            3
        ],
        [
            "22.jpg",
            "25.jpg",
            1
        ],
        [
            "34.jpg",
            "37.jpg",
            25
        ],
        [
            "33.jpg",
            "36.jpg",
            4
        ],
        [
            "1.jpg",
            "4.jpg",
            25
        ],
        [
            "29.jpg",
            "31.jpg",
            514
        ],
        [
            "32.jpg",
            "33.jpg",
            2290
        ],
        [
            "11.jpg",
            "9.jpg",
            817
        ],
        [
            "43.jpg",
            "44.jpg",
            323
        ],
        [
            "12.jpg",
            "14.jpg",
            157
        ],
        [
            "13.jpg",
            "15.jpg",
            25
        ],
        [
            "23.jpg",
            "24.jpg",
            1436
        ],
        [
            "25.jpg",
            "26.jpg",
            1922
        ],
        [
            "6.jpg",
            "7.jpg",
            637
        ],
        [
            "44.jpg",
            "46.jpg",
            405
        ],
        [
            "30.jpg",
            "31.jpg",
            967
        ],
        [
            "43.jpg",
            "45.jpg",
            167
        ],
        [
            "15.jpg",
            "16.jpg",
            1272
        ],
        [
            "1.jpg",
            "5.jpg",
            4
        ],
        [
            "41.jpg",
            "42.jpg",
            1157
        ],
        [
            "22.jpg",
            "23.jpg",
            1234
        ],
        [
            "39.jpg",
            "40.jpg",
            993
        ],
        [
            "5.jpg",
            "7.jpg",
            15
        ],
        [
            "45.jpg",
            "46.jpg",
            1090
        ],
        [
            "18.jpg",
            "19.jpg",
            1022
        ],
        [
            "18.jpg",
            "20.jpg",
            398
        ],
        [
            "47.jpg",
            "49.jpg",
            836
        ],
        [
            "46.jpg",
            "47.jpg",
            1103
        ],
        [
            "37.jpg",
            "39.jpg",
            52
        ],
        [
            "47.jpg",
            "48.jpg",
            1060
        ],
        [
            "27.jpg",
            "28.jpg",
            1108
        ],
        [
            "17.jpg",
            "21.jpg",
            26
        ],
        [
            "20.jpg",
            "21.jpg",
            1104
        ],
        [
            "38.jpg",
            "40.jpg",
            29
        ],
        [
            "2.jpg",
            "5.jpg",
            9
        ],
        [
            "10.jpg",
            "11.jpg",
            1130
        ],
        [
            "14.jpg",
            "15.jpg",
            521
        ],
        [
            "10.jpg",
            "8.jpg",
            77
        ],
        [
            "2.jpg",
            "3.jpg",
            131
        ],
        [
            "17.jpg",
            "19.jpg",
            722
        ],
        [
            "38.jpg",
            "39.jpg",
            309
        ],
        [
            "28.jpg",
            "29.jpg",
            1592
        ],
        [
            "34.jpg",
            "35.jpg",
            1540
        ],
        [
            "31.jpg",
            "33.jpg",
            1136
        ],
        [
            "28.jpg",
            "30.jpg",
            873
        ],
        [
            "10.jpg",
            "9.jpg",
            1400
        ],
        [
            "23.jpg",
            "26.jpg",
            134
        ],
        [
            "44.jpg",
            "45.jpg",
            1246
        ],
        [
            "4.jpg",
            "5.jpg",
            379
        ],
        [
            "37.jpg",
            "38.jpg",
            1224
        ],
        [
            "17.jpg",
            "18.jpg",
            1393
        ],
        [
            "31.jpg",
            "32.jpg",
            1594
        ],
        [
            "22.jpg",
            "24.jpg",
            298
        ],
        [
            "0.jpg",
            "1.jpg",
            166
        ],
        [
            "33.jpg",
            "34.jpg",
            930
        ],
        [
            "36.jpg",
            "37.jpg",
            736
        ],
        [
            "29.jpg",
            "30.jpg",
            1768
        ],
        [
            "45.jpg",
            "47.jpg",
            252
        ],
        [
            "24.jpg",
            "26.jpg",
            778
        ],
        [
            "1.jpg",
            "2.jpg",
            493
        ],
        [
            "14.jpg",
            "16.jpg",
            229
        ],
        [
            "33.jpg",
            "35.jpg",
            401
        ],
        [
            "26.jpg",
            "27.jpg",
            900
        ],
        [
            "24.jpg",
            "25.jpg",
            1522
        ],
        [
            "44.jpg",
            "47.jpg",
            7
        ],
        [
            "4.jpg",
            "6.jpg",
            29
        ],
        [
            "40.jpg",
            "43.jpg",
            448
        ],
        [
            "23.jpg",
            "25.jpg",
            419
        ],
        [
            "32.jpg",
            "35.jpg",
            203
        ],
        [
            "32.jpg",
            "34.jpg",
            551
        ],
        [
            "19.jpg",
            "20.jpg",
            1193
        ],
        [
            "31.jpg",
            "35.jpg",
            11
        ],
        [
            "28.jpg",
            "31.jpg",
            95
        ],
        [
            "46.jpg",
            "49.jpg",
            335
        ],
        [
            "34.jpg",
            "36.jpg",
            577
        ],
        [
            "35.jpg",
            "36.jpg",
            1377
        ],
        [
            "5.jpg",
            "6.jpg",
            407
        ],
        [
            "45.jpg",
            "49.jpg",
            78
        ],
        [
            "29.jpg",
            "32.jpg",
            151
        ],
        [
            "7.jpg",
            "8.jpg",
            118
        ],
        [
            "17.jpg",
            "20.jpg",
            232
        ],
        [
            "12.jpg",
            "15.jpg",
            24
        ],
        [
            "31.jpg",
            "34.jpg",
            161
        ],
        [
            "1.jpg",
            "3.jpg",
            78
        ],
        [
            "30.jpg",
            "33.jpg",
            204
        ],
        [
            "43.jpg",
            "46.jpg",
            39
        ],
        [
            "19.jpg",
            "21.jpg",
            532
        ],
        [
            "18.jpg",
            "21.jpg",
            121
        ],
        [
            "44.jpg",
            "48.jpg",
            3
        ],
        [
            "29.jpg",
            "33.jpg",
            42
        ],
        [
            "25.jpg",
            "27.jpg",
            417
        ],
        [
            "13.jpg",
            "14.jpg",
            754
        ],
