{
    "wall_times": {
        "load_features": 0.4134435689775273,
        "load_matches": 0.012488213018514216,
        "compute_tracks": 1.3821554810274392
    },
    "wall_time": 1.8080872630234808,
    "num_images": 48,
    "num_tracks": 39331,
    "view_graph": [
        [
            "35.jpg",
            "38.jpg",
            1
        ],
        [
            "28.jpg",
            "33.jpg",
            1
        ],
        [
            "5.jpg",
            "7.jpg",
            27
        ],
        [
            "13.jpg",
            "15.jpg",
            59
        ],
        [
            "31.jpg",
            "33.jpg",
            1205
        ],
        [
            "38.jpg",
            "39.jpg",
            405
        ],
        [
            "6.jpg",
            "7.jpg",
            995
        ],
        [
            "27.jpg",
            "30.jpg",
            4
        ],
        [
            "34.jpg",
            "38.jpg",
            1
        ],
        [
            "36.jpg",
            "38.jpg",
            306
        ],
        [
            "30.jpg",
            "31.jpg",
            1252
        ],
        [
            "29.jpg",
            "31.jpg",
            761
        ],
        [
            "32.jpg",
            "33.jpg",
            2412
        ],
        [
            "25.jpg",
            "26.jpg",
            2268
        ],
        [
            "23.jpg",
            "24.jpg",
            1639
        ],
        [
            "33.jpg",
            "35.jpg",
            473
        ],
        [
            "1.jpg",
            "2.jpg",
            818
        ],
        [
            "26.jpg",
            "27.jpg",
            1142
        ],
        [
            "28.jpg",
            "32.jpg",
            14
        ],
        [
            "14.jpg",
            "16.jpg",
            263
        ],
        [
            "47.jpg",
            "48.jpg",
            1371
        ],
        [
            "27.jpg",
            "28.jpg",
            1268
        ],
        [
            "29.jpg",
            "32.jpg",
            291
        ],
        [
            "45.jpg",
            "49.jpg",
            156
        ],
        [
            "17.jpg",
            "19.jpg",
            796
        ],
        [
            "31.jpg",
            "32.jpg",
            1828
        ],
        [
            "4.jpg",
            "5.jpg",
            692
        ],
        [
            "47.jpg",
            "49.jpg",
            1004
        ],
        [
            "46.jpg",
            "47.jpg",
            1449
        ],
        [
            "34.jpg",
            "37.jpg",
            36
        ],
        [
            "41.jpg",
            "42.jpg",
            1745
        ],
        [
            "15.jpg",
            "16.jpg",
            1492
        ],
        [
            "22.jpg",
            "23.jpg",
            1578
        ],
        [
            "43.jpg",
            "45.jpg",
            105
        ],
        [
            "28.jpg",
            "31.jpg",
            120
        ],
        [
            "46.jpg",
            "49.jpg",
            479
        ],
        [
            "10.jpg",
            "9.jpg",
            1904
        ],
        [
            "28.jpg",
            "30.jpg",
            984
        ],
        [
            "44.jpg",
            "45.jpg",
            1344
        ],
        [
            "36.jpg",
            "37.jpg",
            868
        ],
        [
            "29.jpg",
            "30.jpg",
            1988
        ],
        [
            "39.jpg",
            "40.jpg",
            1243
        ],
        [
            "27.jpg",
            "29.jpg",
            412
        ],
        [
            "43.jpg",
            "48.jpg",
            1
        ],
        [
            "45.jpg",
            "48.jpg",
            250
        ],
        [
            "19.jpg",
            "20.jpg",
            1047
        ],
        [
            "31.jpg",
            "35.jpg",
            10
        ],
        [
            "18.jpg",
            "19.jpg",
            1096
        ],
        [
            "45.jpg",
            "46.jpg",
            1258
        ],
        [
            "18.jpg",
            "20.jpg",
            530
        ],
        [
            "17.jpg",
            "20.jpg",
            367
        ],
        [
            "32.jpg",
            "37.jpg",
            1
        ],
        [
            "34.jpg",
            "35.jpg",
            1787
        ],
        [
            "28.jpg",
            "29.jpg",
            1798
        ],
        [
            "17.jpg",
            "18.jpg",
            1428
        ],
        [
            "37.jpg",
            "38.jpg",
            1353
        ],
        [
            "33.jpg",
            "36.jpg",
            5
        ],
        [
            "31.jpg",
            "37.jpg",
            1
        ],
        [
            "17.jpg",
            "21.jpg",
            55
        ],
        [
            "44.jpg",
            "47.jpg",
            16
        ],
        [
            "24.jpg",
            "25.jpg",
            1716
        ],
        [
            "44.jpg",
            "46.jpg",
            449
        ],
        [
            "46.jpg",
            "48.jpg",
            679
        ],
        [
            "13.jpg",
            "14.jpg",
            895
        ],
        [
            "39.jpg",
            "43.jpg",
            1
        ],
        [
            "30.jpg",
            "32.jpg",
            658
        ],
        [
            "48.jpg",
            "49.jpg",
            2536
        ],
        [
            "35.jpg",
            "37.jpg",
            364
        ],
        [
            "12.jpg",
            "13.jpg",
            482
        ],
        [
            "12.jpg",
            "14.jpg",
            122
        ],
        [
            "11.jpg",
            "9.jpg",
            884
        ],
        [
            "43.jpg",
            "44.jpg",
            199
        ],
        [
            "32.jpg",
            "34.jpg",
            512
        ],
        [
            "33.jpg",
            "34.jpg",
            913
        ],
        [
            "20.jpg",
            "21.jpg",
            1053
        ],
        [
            "21.jpg",
            "22.jpg",
            100
        ],
        [
            "35.jpg",
            "36.jpg",
            1628
        ],
        [
            "5.jpg",
            "6.jpg",
            616
        ],
        [
            "10.jpg",
            "11.jpg",
            1360
        ],
        [
            "14.jpg",
            "15.jpg",
            795
        ],
        [
            "38.jpg",
            "40.jpg",
            28
        ],
        [
            "40.jpg",
            "43.jpg",
            259
        ],
        [
            "4.jpg",
            "6.jpg",
            87
        ],
        [
            "25.jpg",
            "27.jpg",
            651
        ],
        [
            "3.jpg",
            "4.jpg",
            775
        ],
        [
            "45.jpg",
            "47.jpg",
            379
        ],
        [
            "24.jpg",
            "26.jpg",
            962
        ],
        [
            "32.jpg",
            "35.jpg",
            208
        ],
        [
            "23.jpg",
            "25.jpg",
            568
        ],
        [
            "23.jpg",
            "26.jpg",
            228
        ],
        [
            "22.jpg",
            "24.jpg",
            384
        ],
        [
            "30.jpg",
            "33.jpg",
            345
        ],
        [
            "43.jpg",
            "46.jpg",
            43
        ],
        [
            "19.jpg",
            "21.jpg",
            427
        ],
        [
            "18.jpg",
            "21.jpg",
            180
        ],
        [
            "37.jpg",
