{
    "wall_times": {
        "load_features": 0.43213739399652695,
        "load_matches": 0.011051436002162518,
        "compute_tracks": 1.2076060529980168
    },
    "wall_time": 1.6507948829967063,
    "num_images": 50,
    "num_tracks": 33634,
    "view_graph": [
        [
            "0.jpg",
            "3.jpg",
            1
        ],
        [
            "28.jpg",
            "32.jpg",
            1
        ],
        [
            "31.jpg",
            "35.jpg",
            13
        ],
        [
            "7.jpg",
            "9.jpg",
            1
        ],
        [
            "27.jpg",
            "30.jpg",
            10
        ],
        [
            "17.jpg",
            "21.jpg",
            20
        ],
        [
            "3.jpg",
            "5.jpg",
            83
        ],
        [
            "31.jpg",
            "34.jpg",
            163
        ],
        [
            "12.jpg",
            "15.jpg",
            31
        ],
        [
            "28.jpg",
            "30.jpg",
            868
        ],
        [
            "5.jpg",
            "6.jpg",
            396
        ],
        [
            "35.jpg",
            "36.jpg",
            1394
        ],
        [
            "6.jpg",
            "7.jpg",
            636
        ],
        [
            "1.jpg",
            "5.jpg",
            4
        ],
        [
            "41.jpg",
            "42.jpg",
            1148
        ],
        [
            "15.jpg",
            "16.jpg",
            1352
        ],
        [
            "22.jpg",
            "23.jpg",
            1218
        ],
        [
            "43.jpg",
            "45.jpg",
            157
        ],
        [
            "46.jpg",
            "49.jpg",
            312
        ],
        [
            "28.jpg",
            "31.jpg",
            102
        ],
        [
            "13.jpg",
            "14.jpg",
            749
        ],
        [
            "11.jpg",
            "7.jpg",
            1
        ],
        [
            "46.jpg",
            "48.jpg",
            391
        ],
        [
            "32.jpg",
            "33.jpg",
            2309
        ],
        [
            "31.jpg",
            "33.jpg",
            1144
        ],
        [
            "38.jpg",
            "39.jpg",
            302
        ],
        [
            "8.jpg",
            "9.jpg",
            172
        ],
        [
            "27.jpg",
            "29.jpg",
            334
        ],
        [
            "30.jpg",
            "31.jpg",
            976
        ],
        [
            "1.jpg",
            "2.jpg",
            461
        ],
        [
            "14.jpg",
            "16.jpg",
            227
        ],
        [
            "26.jpg",
            "27.jpg",
            916
        ],
        [
            "33.jpg",
            "35.jpg",
            421
        ],
        [
            "27.jpg",
            "28.jpg",
            1105
        ],
        [
            "47.jpg",
            "48.jpg",
            1042
        ],
        [
            "47.jpg",
            "49.jpg",
            800
        ],
        [
            "46.jpg",
            "47.jpg",
            1078
        ],
        [
            "34.jpg",
            "37.jpg",
            23
        ],
        [
            "31.jpg",
            "32.jpg",
            1653
        ],
        [
            "4.jpg",
            "5.jpg",
            376
        ],
        [
            "11.jpg",
            "9.jpg",
            832
        ],
        [
            "12.jpg",
            "14.jpg",
            153
        ],
        [
            "43.jpg",
            "44.jpg",
            324
        ],
        [
            "13.jpg",
            "15.jpg",
            27
        ],
        [
            "19.jpg",
            "20.jpg",
            1206
        ],
        [
            "10.jpg",
            "9.jpg",
            1468
        ],
        [
            "44.jpg",
            "45.jpg",
            1252
        ],
        [
            "20.jpg",
            "21.jpg",
            1062
        ],
        [
            "17.jpg",
            "18.jpg",
            1392
        ],
        [
            "37.jpg",
            "38.jpg",
            1177
        ],
        [
            "29.jpg",
            "33.jpg",
            39
        ],
        [
            "44.jpg",
            "48.jpg",
            4
        ],
        [
            "34.jpg",
            "35.jpg",
            1551
        ],
        [
            "28.jpg",
            "29.jpg",
            1579
        ],
        [
            "10.jpg",
            "7.jpg",
            1
        ],
        [
            "4.jpg",
            "6.jpg",
            32
        ],
        [
            "40.jpg",
            "43.jpg",
            423
        ],
        [
            "3.jpg",
            "4.jpg",
            601
        ],
        [
            "36.jpg",
            "37.jpg",
            728
        ],
        [
            "29.jpg",
            "30.jpg",
            1769
        ],
        [
            "35.jpg",
            "37.jpg",
            246
        ],
        [
            "48.jpg",
            "49.jpg",
            1896
        ],
        [
            "30.jpg",
            "32.jpg",
            406
        ],
        [
            "23.jpg",
            "24.jpg",
            1420
        ],
        [
            "25.jpg",
            "26.jpg",
            1900
        ],
        [
            "37.jpg",
            "39.jpg",
            55
        ],
        [
            "17.jpg",
            "19.jpg",
            710
        ],
        [
            "10.jpg",
            "8.jpg",
            84
        ],
        [
            "2.jpg",
            "3.jpg",
            120
        ],
        [
            "13.jpg",
            "16.jpg",
            1
        ],
        [
            "2.jpg",
            "5.jpg",
            10
        ],
        [
            "10.jpg",
            "11.jpg",
            1164
        ],
        [
            "14.jpg",
            "15.jpg",
            526
        ],
        [
            "38.jpg",
            "40.jpg",
            23
        ],
        [
            "24.jpg",
            "25.jpg",
            1501
        ],
        [
            "44.jpg",
            "47.jpg",
            14
        ],
        [
            "11.jpg",
            "8.jpg",
            60
        ],
        [
            "12.jpg",
            "16.jpg",
            13
        ],
        [
            "45.jpg",
            "46.jpg",
            1043
        ],
        [
            "18.jpg",
            "20.jpg",
            427
        ],
        [
            "18.jpg",
            "19.jpg",
            1032
        ],
        [
            "29.jpg",
            "31.jpg",
            523
        ],
        [
            "33.jpg",
            "34.jpg",
            949
        ],
        [
            "45.jpg",
            "48.jpg",
            82
        ],
        [
            "39.jpg",
            "40.jpg",
            976
        ],
        [
            "5.jpg",
            "7.jpg",
            18
        ],
        [
            "44.jpg",
            "46.jpg",
            400
        ],
        [
            "0.jpg",
            "1.jpg",
            163
        ],
        [
            "7.jpg",
            "8.jpg",
            126
        ],
        [
            "17.jpg",
            "20.jpg",
            242
        ],
        [
            "45.jpg",
            "49.jpg",
            68
        ],
        [
            "29.jpg",
            "32.jpg",
            145
        ],
        [
            "12.jpg",
            "13.jpg",
            265
        ],
        [
            "30.jpg",
            "33.jpg",
            205
        ],
        [
            "43.jpg",
            "46.jpg",
            43
        ],
        [
            "19.jpg",
            "21.jpg",
            525
        ],
