{
    "wall_times": {
        "load_features": 0.390633818009519,
        "load_matches": 0.009809124996536411,
        "compute_tracks": 1.1208490419958252
    },
    "wall_time": 1.5212919850018807,
    "num_images": 50,
    "num_tracks": 33863,
    "view_graph": [
        [
            "44.jpg",
            "49.jpg",
            3
        ],
        [
            "27.jpg",
            "30.jpg",
            8
        ],
        [
            "5.jpg",
            "7.jpg",
            17
        ],
        [
            "44.jpg",
            "47.jpg",
            14
        ],
        [
            "33.jpg",
            "36.jpg",
            5
        ],
        [
            "1.jpg",
            "4.jpg",
            24
        ],
        [
            "34.jpg",
            "36.jpg",
            595
        ],
        [
            "38.jpg",
            "40.jpg",
            26
        ],
        [
            "30.jpg",
            "33.jpg",
            217
        ],
        [
            "26.jpg",
            "27.jpg",
            916
        ],
        [
            "1.jpg",
            "2.jpg",
            467
        ],
        [
            "14.jpg",
            "16.jpg",
            228
        ],
        [
            "33.jpg",
            "35.jpg",
            414
        ],
        [
            "28.jpg",
            "32.jpg",
            2
        ],
        [
            "32.jpg",
            "33.jpg",
            2284
        ],
        [
            "11.jpg",
            "9.jpg",
            807
        ],
        [
            "12.jpg",
            "14.jpg",
            152
        ],
        [
            "43.jpg",
            "44.jpg",
            310
        ],
        [
            "13.jpg",
            "15.jpg",
            28
        ],
        [
            "45.jpg",
            "48.jpg",
            97
        ],
        [
            "36.jpg",
            "38.jpg",
            259
        ],
        [
            "33.jpg",
            "34.jpg",
            945
        ],
        [
            "12.jpg",
            "15.jpg",
            27
        ],
        [
            "31.jpg",
            "34.jpg",
            154
        ],
        [
            "1.jpg",
            "3.jpg",
            70
        ],
        [
            "31.jpg",
            "33.jpg",
            1150
        ],
        [
            "38.jpg",
            "39.jpg",
            317
        ],
        [
            "17.jpg",
            "21.jpg",
            26
        ],
        [
            "17.jpg",
            "19.jpg",
            723
        ],
        [
            "6.jpg",
            "7.jpg",
            641
        ],
        [
            "25.jpg",
            "26.jpg",
            1916
        ],
        [
            "23.jpg",
            "24.jpg",
            1398
        ],
        [
            "18.jpg",
            "19.jpg",
            1019
        ],
        [
            "45.jpg",
            "46.jpg",
            1063
        ],
        [
            "18.jpg",
            "20.jpg",
            407
        ],
        [
            "24.jpg",
            "25.jpg",
            1532
        ],
        [
            "47.jpg",
            "48.jpg",
            1082
        ],
        [
            "27.jpg",
            "28.jpg",
            1115
        ],
        [
            "34.jpg",
            "35.jpg",
            1557
        ],
        [
            "28.jpg",
            "29.jpg",
            1566
        ],
        [
            "10.jpg",
            "9.jpg",
            1420
        ],
        [
            "4.jpg",
            "5.jpg",
            381
        ],
        [
            "31.jpg",
            "32.jpg",
            1631
        ],
        [
            "37.jpg",
            "38.jpg",
            1227
        ],
        [
            "17.jpg",
            "18.jpg",
            1416
        ],
        [
            "44.jpg",
            "45.jpg",
            1252
        ],
        [
            "32.jpg",
            "34.jpg",
            567
        ],
        [
            "1.jpg",
            "5.jpg",
            3
        ],
        [
            "41.jpg",
            "42.jpg",
            1176
        ],
        [
            "22.jpg",
            "23.jpg",
            1227
        ],
        [
            "15.jpg",
            "16.jpg",
            1405
        ],
        [
            "43.jpg",
            "45.jpg",
            150
        ],
        [
            "29.jpg",
            "31.jpg",
            513
        ],
        [
            "12.jpg",
            "13.jpg",
            263
        ],
        [
            "46.jpg",
            "47.jpg",
            1114
        ],
        [
            "47.jpg",
            "49.jpg",
            838
        ],
        [
            "2.jpg",
            "3.jpg",
            123
        ],
        [
            "10.jpg",
            "8.jpg",
            77
        ],
        [
            "34.jpg",
            "37.jpg",
            26
        ],
        [
            "27.jpg",
            "29.jpg",
            329
        ],
        [
            "30.jpg",
            "31.jpg",
            982
        ],
        [
            "46.jpg",
            "49.jpg",
            342
        ],
        [
            "28.jpg",
            "31.jpg",
            102
        ],
        [
            "3.jpg",
            "4.jpg",
            621
        ],
        [
            "24.jpg",
            "26.jpg",
            757
        ],
        [
            "45.jpg",
            "47.jpg",
            266
        ],
        [
            "39.jpg",
            "40.jpg",
            981
        ],
        [
            "36.jpg",
            "37.jpg",
            749
        ],
        [
            "29.jpg",
            "30.jpg",
            1764
        ],
        [
            "44.jpg",
            "46.jpg",
            398
        ],
        [
            "46.jpg",
            "48.jpg",
            422
        ],
        [
            "13.jpg",
            "14.jpg",
            747
        ],
        [
            "35.jpg",
            "36.jpg",
            1402
        ],
        [
            "5.jpg",
            "6.jpg",
            407
        ],
        [
            "20.jpg",
            "21.jpg",
            1103
        ],
        [
            "43.jpg",
            "46.jpg",
            39
        ],
        [
            "18.jpg",
            "21.jpg",
            119
        ],
        [
            "19.jpg",
            "21.jpg",
            534
        ],
        [
            "19.jpg",
            "20.jpg",
            1202
        ],
        [
            "31.jpg",
            "35.jpg",
            12
        ],
        [
            "8.jpg",
            "9.jpg",
            167
        ],
        [
            "12.jpg",
            "16.jpg",
            13
        ],
        [
            "11.jpg",
            "8.jpg",
            45
        ],
        [
            "48.jpg",
            "49.jpg",
            1912
        ],
        [
            "30.jpg",
            "32.jpg",
            412
        ],
        [
            "35.jpg",
            "37.jpg",
            242
        ],
        [
            "28.jpg",
            "30.jpg",
            866
        ],
        [
            "25.jpg",
            "27.jpg",
            439
        ],
        [
            "2.jpg",
            "4.jpg",
            55
        ],
        [
            "45.jpg",
            "49.jpg",
            85
        ],
        [
            "29.jpg",
            "32.jpg",
            144
        ],
        [
            "7.jpg",
            "8.jpg",
            125
        ],
        [
            "17.jpg",
            "20.jpg",
            236
        ],
        [
            "4.jpg",
            "6.jpg",
            31
        ],
        [
            "40.jpg",
            "43.jpg",
            435
        ],
        [
            "23.jpg",
            "26.jpg",
            144
